{"TimeStamp":"Wed May 26 17:10:53 2021\n","Circuits":{"ExitCode":"0","TraceCount":"1","Mode":"SPICE","Type":"TIRestricted","Models":[{"ModelName":"X_U1.DX","FileName":"c:\\users\\a0232073\\downloads\\buf602\\buf602.lib","ModelType":".model","DeviceType":"D","Source":"FROM_INC","isLibSigned":"false","isAllowed":"false"},{"ModelName":"X_U1.NPN6","FileName":"c:\\users\\a0232073\\downloads\\buf602\\buf602.lib","ModelType":".model","DeviceType":"Q","Source":"FROM_INC","isLibSigned":"false","isAllowed":"false"},{"ModelName":"X_U1.PNP6","FileName":"c:\\users\\a0232073\\downloads\\buf602\\buf602.lib","ModelType":".model","DeviceType":"Q","Source":"FROM_INC","isLibSigned":"false","isAllowed":"false"},{"ModelName":"X_U1.SW_NC3V","FileName":"c:\\users\\a0232073\\downloads\\buf602\\buf602.lib","ModelType":".model","DeviceType":"S","Source":"FROM_INC","isLibSigned":"false","isAllowed":"true"},{"ModelName":"X_U1.SW_NC5V","FileName":"c:\\users\\a0232073\\downloads\\buf602\\buf602.lib","ModelType":".model","DeviceType":"S","Source":"FROM_INC","isLibSigned":"false","isAllowed":"true"},{"ModelName":"X_U1.SW_NO10V","FileName":"c:\\users\\a0232073\\downloads\\buf602\\buf602.lib","ModelType":".model","DeviceType":"S","Source":"FROM_INC","isLibSigned":"false","isAllowed":"true"},{"ModelName":"X_U1.SW_NO5V","FileName":"c:\\users\\a0232073\\downloads\\buf602\\buf602.lib","ModelType":".model","DeviceType":"S","Source":"FROM_INC","isLibSigned":"false","isAllowed":"true"},{"ModelName":"BUF602","FileName":"c:\\users\\a0232073\\downloads\\buf602\\buf602.lib","ModelType":".subckt","DeviceType":"X","Source":"FROM_INC","isLibSigned":"false","isAllowed":"true"},{"ModelName":"BUF602_Model_F1","FileName":"c:\\users\\a0232073\\downloads\\buf602\\buf602.lib","ModelType":".subckt","DeviceType":"X","Source":"FROM_INC","isLibSigned":"false","isAllowed":"true"},{"ModelName":"BUF602_Model_F2","FileName":"c:\\users\\a0232073\\downloads\\buf602\\buf602.lib","ModelType":".subckt","DeviceType":"X","Source":"FROM_INC","isLibSigned":"false","isAllowed":"true"}]}}