{"TimeStamp":"Thu Feb  3 16:34:57 2022\n","Circuits":{"ExitCode":"0","TraceCount":"2","Mode":"SPICE","Type":"TIRestricted","Models":[{"ModelName":"X_U1.DX","FileName":"c:\\users\\a0488299\\desktop\\applications rotation\\pfti- renaming 30 models\\pspice rename\\lm741\\lm741.lib","ModelType":".model","DeviceType":"D","Source":"FROM_INC","isLibSigned":"false","isAllowed":"false"},{"ModelName":"X_U1.QX","FileName":"c:\\users\\a0488299\\desktop\\applications rotation\\pfti- renaming 30 models\\pspice rename\\lm741\\lm741.lib","ModelType":".model","DeviceType":"Q","Source":"FROM_INC","isLibSigned":"false","isAllowed":"false"},{"ModelName":"LM741","FileName":"c:\\users\\a0488299\\desktop\\applications rotation\\pfti- renaming 30 models\\pspice rename\\lm741\\lm741.lib","ModelType":".subckt","DeviceType":"X","Source":"FROM_INC","isLibSigned":"false","isAllowed":"true"}]}}